{"cameraMode":{"drawMode":0,"name":"Shaded","section":"Shading Mode"},"sceneLighting":false,"audioPlay":false,"sceneViewState":{"m_AlwaysRefresh":false,"showFog":true,"showSkybox":false,"showFlares":true,"showImageEffects":true,"showParticleSystems":true,"showVisualEffectGraphs":true,"m_FxEnabled":true},"in2DMode":false,"pivot":{"x":-0.21992385387420655,"y":0.040754206478595737,"z":-0.09951967746019364},"rotation":{"x":-0.1164274662733078,"y":-0.5594930052757263,"z":0.07976118475198746,"w":-0.8167394399642944},"size":0.1064186841249466,"orthographic":false}