{"cameraMode":{"drawMode":0,"name":"Shaded","section":"Shading Mode"},"sceneLighting":true,"audioPlay":false,"sceneViewState":{"m_AlwaysRefresh":false,"showFog":true,"showSkybox":true,"showFlares":true,"showImageEffects":true,"showParticleSystems":true,"showVisualEffectGraphs":true,"m_FxEnabled":true},"in2DMode":false,"pivot":{"x":0.4439573884010315,"y":2.2314670085906984,"z":-9.281533241271973},"rotation":{"x":-0.37663817405700686,"y":-0.031679678708314899,"z":0.012895423918962479,"w":-0.9257358312606812},"size":0.06090659648180008,"orthographic":false}