{"cameraMode":{"drawMode":0,"name":"Shaded","section":"Shading Mode"},"sceneLighting":true,"audioPlay":false,"sceneViewState":{"m_AlwaysRefresh":false,"showFog":true,"showSkybox":true,"showFlares":true,"showImageEffects":true,"showParticleSystems":true,"showVisualEffectGraphs":true,"m_FxEnabled":true},"in2DMode":false,"pivot":{"x":1.462001919746399,"y":0.6648982763290405,"z":-5.356568336486816},"rotation":{"x":0.039763882756233218,"y":0.7076799869537354,"z":-0.039955511689186099,"w":0.7042862176895142},"size":2.0862514972686769,"orthographic":false}