{"cameraMode":{"drawMode":0,"name":"Shaded","section":"Shading Mode"},"sceneLighting":false,"audioPlay":false,"sceneViewState":{"m_AlwaysRefresh":false,"showFog":true,"showSkybox":false,"showFlares":true,"showImageEffects":true,"showParticleSystems":true,"showVisualEffectGraphs":true,"m_FxEnabled":true},"in2DMode":false,"pivot":{"x":-0.23650670051574708,"y":0.44044649600982668,"z":-0.5763111114501953},"rotation":{"x":-0.1287093609571457,"y":0.08970848470926285,"z":-0.011687159538269043,"w":-0.9875556230545044},"size":0.29080110788345339,"orthographic":false}