{"cameraMode":{"drawMode":0,"name":"Shaded","section":"Shading Mode"},"sceneLighting":false,"audioPlay":false,"sceneViewState":{"m_AlwaysRefresh":false,"showFog":true,"showSkybox":false,"showFlares":true,"showImageEffects":true,"showParticleSystems":true,"showVisualEffectGraphs":true,"m_FxEnabled":true},"in2DMode":false,"pivot":{"x":0.000039968639612197876,"y":0.007835954427719117,"z":0.000018499791622161865},"rotation":{"x":-0.17584171891212464,"y":-0.18485184013843537,"z":0.033641546964645389,"w":-0.9663284420967102},"size":0.09637842327356339,"orthographic":false}