{"cameraMode":{"drawMode":0,"name":"Shaded","section":"Shading Mode"},"sceneLighting":false,"audioPlay":false,"sceneViewState":{"m_AlwaysRefresh":false,"showFog":true,"showSkybox":false,"showFlares":true,"showImageEffects":true,"showParticleSystems":true,"showVisualEffectGraphs":true,"m_FxEnabled":true},"in2DMode":false,"pivot":{"x":0.1816340982913971,"y":0.19607949256896974,"z":-0.3953944444656372},"rotation":{"x":-0.17584171891212464,"y":-0.18485184013843537,"z":0.033641546964645389,"w":-0.9663284420967102},"size":0.17407554388046266,"orthographic":false}